{"cameraMode":{"drawMode":0,"name":"Shaded","section":"Shading Mode"},"sceneLighting":true,"audioPlay":false,"sceneViewState":{"showFog":true,"showMaterialUpdate":false,"showSkybox":true,"showFlares":true,"showImageEffects":true,"showParticleSystems":true},"in2DMode":false,"pivot":{"x":0.283905029296875,"y":0.51123046875,"z":-0.580078125},"rotation":{"x":-0.00006874198152218014,"y":-0.9997543096542358,"z":0.022498970851302148,"w":-0.0029901759698987009},"size":3.496950387954712,"orthographic":true}