{"cameraMode":{"drawMode":0,"name":"Shaded","section":"Shading Mode"},"sceneLighting":true,"audioPlay":false,"sceneViewState":{"showFog":true,"showMaterialUpdate":false,"showSkybox":true,"showFlares":true,"showImageEffects":true,"showParticleSystems":true},"in2DMode":false,"pivot":{"x":-0.21856689453125,"y":1.27001953125,"z":-1.08251953125},"rotation":{"x":0.004565286450088024,"y":0.9804940819740295,"z":-0.19518668949604035,"w":0.022945690900087358},"size":1.8690236806869507,"orthographic":true}