{"cameraMode":{"drawMode":0,"name":"Shaded","section":"Shading Mode"},"sceneLighting":true,"audioPlay":false,"sceneViewState":{"showFog":true,"showMaterialUpdate":false,"showSkybox":true,"showFlares":true,"showImageEffects":true,"showParticleSystems":true},"in2DMode":false,"pivot":{"x":-0.20206451416015626,"y":0.94775390625,"z":-0.17919921875},"rotation":{"x":-0.0012727150460705162,"y":-0.9925860166549683,"z":0.12119686603546143,"w":-0.010413352400064469},"size":1.0390554666519166,"orthographic":true}