{"cameraMode":{"drawMode":0,"name":"Shaded","section":"Shading Mode"},"sceneLighting":true,"audioPlay":false,"sceneViewState":{"showFog":true,"showMaterialUpdate":false,"showSkybox":true,"showFlares":true,"showImageEffects":true,"showParticleSystems":true},"in2DMode":false,"pivot":{"x":-1.1622412204742432,"y":0.09186506271362305,"z":-4.934689521789551},"rotation":{"x":-0.005788027308881283,"y":-0.9763250946998596,"z":0.21515312790870667,"w":-0.027282701805233957},"size":7.198493003845215,"orthographic":false}