{"cameraMode":{"drawMode":0,"name":"Shaded","section":"Shading Mode"},"sceneLighting":true,"audioPlay":false,"sceneViewState":{"showFog":true,"showMaterialUpdate":false,"showSkybox":true,"showFlares":true,"showImageEffects":true,"showParticleSystems":true},"in2DMode":false,"pivot":{"x":-0.12708210945129395,"y":1.31396484375,"z":1.083984375},"rotation":{"x":0.0000021688749711756829,"y":-0.9917067289352417,"z":0.12864550948143006,"w":0.000008655435522086918},"size":2.9335646629333498,"orthographic":true}