{"cameraMode":{"drawMode":0,"name":"Shaded","section":"Shading Mode"},"sceneLighting":true,"audioPlay":false,"sceneViewState":{"showFog":true,"showMaterialUpdate":false,"showSkybox":true,"showFlares":true,"showImageEffects":true,"showParticleSystems":true},"in2DMode":false,"pivot":{"x":-0.9949951171875,"y":2.4881591796875,"z":1.103515625},"rotation":{"x":-0.005419147666543722,"y":-0.9895492792129517,"z":0.13894568383693696,"w":-0.03860336169600487},"size":2.854288339614868,"orthographic":true}