{"cameraMode":{"drawMode":0,"name":"Shaded","section":"Shading Mode"},"sceneLighting":true,"audioPlay":false,"sceneViewState":{"showFog":true,"showMaterialUpdate":false,"showSkybox":true,"showFlares":true,"showImageEffects":true,"showParticleSystems":true},"in2DMode":false,"pivot":{"x":0.6611328125,"y":0.90087890625,"z":0.56689453125},"rotation":{"x":-0.034659769386053088,"y":-0.9637389779090881,"z":-0.1566179394721985,"w":0.21328212320804597},"size":3.98612117767334,"orthographic":true}