{"cameraMode":{"drawMode":0,"name":"Shaded","section":"Shading Mode"},"sceneLighting":true,"audioPlay":false,"sceneViewState":{"showFog":true,"showMaterialUpdate":false,"showSkybox":true,"showFlares":true,"showImageEffects":true,"showParticleSystems":true},"in2DMode":false,"pivot":{"x":0.982664942741394,"y":-0.8017768859863281,"z":-4.3998613357543949},"rotation":{"x":-0.005788027308881283,"y":-0.9763250946998596,"z":0.21515312790870667,"w":-0.027282701805233957},"size":11.263401985168457,"orthographic":false}