{"cameraMode":{"drawMode":0,"name":"Shaded","section":"Shading Mode"},"sceneLighting":true,"audioPlay":false,"sceneViewState":{"showFog":true,"showMaterialUpdate":false,"showSkybox":true,"showFlares":true,"showImageEffects":true,"showParticleSystems":true},"in2DMode":false,"pivot":{"x":-2.57879638671875,"y":1.89013671875,"z":1.86767578125},"rotation":{"x":0.003044971963390708,"y":0.9936410784721375,"z":-0.10924188792705536,"w":0.02772866003215313},"size":3.46669864654541,"orthographic":true}